+---+-------------------+-------------------------------+-------------+------+----------------+------------------+
|id |create_datetime    |email                          |phone        |sex   |username        |zone              |
+---+-------------------+-------------------------------+-------------+------+----------------+------------------+
|1  |2017-06-29 05:37:14|gubaoer@hotmail.com            |8613000001111|male  |gubaoer         |HongKou District  |
|2  |2017-06-29 05:37:14|boyle.gu@hotmail.com           |8613000001112|male  |baoer.gu        |JingAn District   |
|3  |2017-06-29 05:37:14|yoyo.wu@gmail.com              |8613000001113|female|yoyo.wu         |JingAn District   |
|4  |2017-06-29 05:37:14|stacy.gao@126.com              |8613000001114|female|stacy.gao       |MinHang District  |
|5  |2017-06-29 05:37:14|yomiko.zhu@qq.com              |8613000001115|female|yomiko.zhu      |PuDong District   |
|6  |2017-06-29 05:37:14|hong.zhu@163.com               |8613000001116|male  |hong.zhu        |YangPu District   |
|7  |2017-06-29 05:37:14|leon.lai@qq.com                |8613000001117|male  |leon.lai        |JinShan District  |
|8  |2017-06-29 05:38:12|mark.lei@sohu.com              |8613000001118|male  |mark.lei        |HuangPu District  |
|9  |2017-06-29 05:38:12|wen.liu@360.com                |8613000001119|male  |wen.liu         |ChongMing District|
|10 |2017-06-29 05:38:12|cai.lu@baidu.com               |8613000001120|female|cai.lu          |BaoShan District  |
|11 |2017-06-29 05:38:12|alex.li@icee.com               |8613000001121|male  |alex.li         |ChangNing District|
|12 |2017-06-29 05:38:12|sofia.xu@qq.com                |8613000001122|female|sofia.xu        |ZhaBei District   |
|13 |2017-06-29 05:38:12|cora.zhang@qq.com              |8613000001123|female|cora.zhang      |XuHui District    |
|14 |2017-06-29 05:38:13|tom.gao@hotmail.com            |8613000001124|female|tom.gao         |HuangPu District  |
|15 |2021-10-31 01:03:11|ziaxu279@gmail.com             |8613000001638|male  |Zia.xu          |Xīběi             |
|16 |2023-06-29 16:09:11|blythegao@qq.com               |8613000000597|female|Blythe.gao      |Xīnán             |
|17 |2022-08-03 03:48:10|irmalei6301@qq.com             |8613000009502|female|Irma.lei        |Huáběi            |
|18 |2021-09-18 23:48:24|faylai6441@baidu.com           |8613000005688|male  |Fay.lai         |Dōngběi           |
|19 |2021-11-19 12:46:17|ivorxu@qq.com                  |8613000008001|male  |Ivor.xu         |Dōngběi           |
|20 |2022-08-17 11:40:43|fitzgeraldlei@gmail.com        |8613000009318|male  |Fitzgerald.lei  |Xīběi             |
|21 |2022-12-10 13:41:35|actonliu@hotmail.com           |8613000007819|male  |Acton.liu       |Zhōngnán          |
|22 |2022-08-09 13:33:07|russellzhu@gmail.com           |8613000002241|female|Russell.zhu     |Dōngběi           |
|23 |2023-03-20 21:44:04|tanazhu5581@gmail.com          |8613000006415|female|Tana.zhu        |Huádōng           |
|24 |2023-04-27 15:26:41|ericliu7375@qq.com             |8613000008584|female|Eric.liu        |Xīběi             |
|25 |2022-09-21 11:05:48|loganlai7535@qq.com            |8613000000685|female|Logan.lai       |Huáběi            |
|26 |2023-06-23 15:41:13|clairelei@hotmail.com          |8613000006777|female|Claire.lei      |Huádōng           |
|27 |2023-03-25 16:13:26|carlylei1831@baidu.com         |8613000007837|male  |Carly.lei       |Huáběi            |
|28 |2021-08-07 00:05:20|kuamexu@baidu.com              |8613000005265|female|Kuame.xu        |Huáběi            |
|29 |2023-05-27 03:47:28|lilazhu686@qq.com              |8613000005256|male  |Lila.zhu        |Huádōng           |
|30 |2022-02-27 15:34:54|abigailgu@baidu.com            |8613000002286|female|Abigail.gu      |Xīběi             |
|31 |2021-08-26 11:45:04|adelewu2886@qq.com             |8613000003240|male  |Adele.wu        |Huáběi            |
|32 |2021-08-05 02:50:12|hasadgao694@qq.com             |8613000003465|female|Hasad.gao       |Dōngběi           |
|33 |2022-09-21 05:19:55|samuelliu6837@hotmail.com      |8613000002268|female|Samuel.liu      |Xīnán             |
|34 |2023-04-30 12:54:34|forrestzhu6456@baidu.com       |8613000008338|male  |Forrest.zhu     |Huádōng           |
|35 |2021-10-18 02:42:41|hayesliu@hotmail.com           |8613000000550|female|Hayes.liu       |Dōngběi           |
|36 |2023-03-03 15:13:24|garthgao7584@gmail.com         |8613000008002|male  |Garth.gao       |Zhōngnán          |
|37 |2023-07-03 08:32:24|steelxu@gmail.com              |8613000007756|female|Steel.xu        |Huádōng           |
|38 |2022-02-21 05:09:44|leighgu2981@gmail.com          |8613000006198|male  |Leigh.gu        |Dōngběi           |
|39 |2022-05-12 02:11:31|rajaxu6225@qq.com              |8613000009794|male  |Raja.xu         |Zhōngnán          |
|40 |2022-07-06 01:15:31|karlywu@qq.com                 |8613000004251|male  |Karly.wu        |Huádōng           |
|41 |2022-08-30 15:09:19|felixliu@qq.com                |8613000002947|male  |Felix.liu       |Zhōngnán          |
|42 |2021-12-26 19:24:40|theodorelei4836@qq.com         |8613000004641|male  |Theodore.lei    |Xīběi             |
|43 |2023-06-28 09:09:49|holmesliu4683@gmail.com        |8613000002783|male  |Holmes.liu      |Xīnán             |
|44 |2022-12-21 09:05:59|stacyzhu209@baidu.com          |8613000005571|male  |Stacy.zhu       |Xīběi             |
|45 |2022-03-21 08:05:08|hammettzhang2982@hotmail.com   |8613000002362|female|Hammett.zhang   |Xīběi             |
|46 |2022-04-04 17:53:08|warrenli5320@hotmail.com       |8613000002556|male  |Warren.li       |Huádōng           |
|47 |2021-10-25 23:18:32|maryxu472@gmail.com            |8613000001453|female|Mary.xu         |Huáběi            |
|48 |2022-06-11 11:34:47|leilalai@gmail.com             |8613000002500|male  |Leila.lai       |Huáběi            |
|49 |2022-02-25 21:41:10|samsongao@qq.com               |8613000004043|female|Samson.gao      |Xīnán             |
|50 |2022-03-20 07:19:44|ivorylai@hotmail.com           |8613000001152|female|Ivory.lai       |Xīběi             |
|51 |2023-06-22 09:27:14|judahliu8156@hotmail.com       |8613000007431|female|Judah.liu       |Xīnán             |
|52 |2022-11-23 16:42:48|britannilai2581@hotmail.com    |8613000002203|male  |Britanni.lai    |Xīnán             |
|53 |2022-05-27 13:31:18|jeremygao7833@gmail.com        |8613000002251|male  |Jeremy.gao      |Xīběi             |
|54 |2022-08-31 16:32:28|chancellorzhang7726@hotmail.com|8613000001791|female|Chancellor.zhang|Dōngběi           |
|55 |2021-10-23 11:35:55|garrettlai3727@qq.com          |8613000004608|female|Garrett.lai     |Xīnán             |
|56 |2022-11-13 10:03:52|tatianawu@gmail.com            |8613000000132|female|Tatiana.wu      |Xīběi             |
|57 |2023-06-21 16:03:12|dariazhang@hotmail.com         |8613000008223|female|Daria.zhang     |Xīnán             |
|58 |2021-08-01 19:25:26|kaliaxu2844@gmail.com          |8613000005786|female|Kalia.xu        |Xīběi             |
|59 |2022-05-11 03:45:37|rubylai4109@gmail.com          |8613000008186|female|Ruby.lai        |Huáběi            |
|60 |2023-01-04 02:33:52|luciangao@hotmail.com          |8613000002692|male  |Lucian.gao      |Xīnán             |
|61 |2022-10-14 07:28:25|rajahxu@qq.com                 |8613000002628|female|Rajah.xu        |Huáběi            |
|62 |2023-04-19 12:39:11|gavinlai@qq.com                |8613000000742|male  |Gavin.lai       |Dōngběi           |
|63 |2022-01-12 13:53:21|avramgao@qq.com                |8613000007846|male  |Avram.gao       |Xīběi             |
|64 |2022-10-10 04:30:39|lionelgu@baidu.com             |8613000006438|female|Lionel.gu       |Xīnán             |
|65 |2022-05-11 02:21:25|adelexu2705@hotmail.com        |8613000006589|male  |Adele.xu        |Dōngběi           |
|66 |2023-01-26 08:47:10|ainsleywu114@gmail.com         |8613000001366|female|Ainsley.wu      |Dōngběi           |
|67 |2022-11-10 23:04:01|xanderliu@gmail.com            |8613000008584|female|Xander.liu      |Xīnán             |
|68 |2021-10-14 19:41:28|mirandawu@gmail.com            |8613000004877|female|Miranda.wu      |Dōngběi           |
|69 |2021-11-29 07:13:47|bakergu3105@baidu.com          |8613000002742|male  |Baker.gu        |Dōngběi           |
|70 |2021-11-10 19:03:27|chantalexu@hotmail.com         |8613000001323|female|Chantale.xu     |Dōngběi           |
|71 |2021-10-22 06:41:01|iralei4674@hotmail.com         |8613000000321|male  |Ira.lei         |Dōngběi           |
|72 |2021-10-09 13:17:38|serinazhu2673@hotmail.com      |8613000005335|male  |Serina.zhu      |Huádōng           |
|73 |2021-07-27 17:28:17|kennethgao1308@baidu.com       |8613000003805|female|Kenneth.gao     |Huádōng           |
|74 |2021-10-29 06:25:39|ryanlei@hotmail.com            |8613000006446|male  |Ryan.lei        |Huáběi            |
|75 |2021-11-20 12:16:44|tashyaliu@baidu.com            |8613000007640|female|TaShya.liu      |Zhōngnán          |
|76 |2022-01-30 17:36:08|ronangao@qq.com                |8613000002858|male  |Ronan.gao       |Zhōngnán          |
|77 |2022-11-01 08:28:18|oceanxu8838@qq.com             |8613000008776|male  |Ocean.xu        |Huádōng           |
|78 |2022-02-22 20:27:32|colbyzhang2619@gmail.com       |8613000008243|male  |Colby.zhang     |Huáběi            |
|79 |2022-04-29 14:30:09|dennisgu@hotmail.com           |8613000003594|female|Dennis.gu       |Huádōng           |
|80 |2022-12-25 11:16:40|julianlei1811@qq.com           |8613000008369|female|Julian.lei      |Xīnán             |
|81 |2021-09-01 10:00:01|flaviazhang@qq.com             |8613000006163|female|Flavia.zhang    |Dōngběi           |
|82 |2022-11-12 20:45:37|aaronwu@hotmail.com            |8613000009179|female|Aaron.wu        |Dōngběi           |
|83 |2022-07-02 15:57:46|aliceli@hotmail.com            |8613000003274|female|Alice.li        |Dōngběi           |
|84 |2022-11-18 15:05:31|septemberlai@hotmail.com       |8613000008477|male  |September.lai   |Huádōng           |
|85 |2021-12-04 11:40:11|nerozhu@gmail.com              |8613000005727|female|Nero.zhu        |Xīběi             |
|86 |2022-03-07 23:53:40|seanlei6270@baidu.com          |8613000007396|female|Sean.lei        |Dōngběi           |
|87 |2023-02-27 09:05:41|galvinli@baidu.com             |8613000007369|male  |Galvin.li       |Xīběi             |
|88 |2022-04-03 03:56:13|benjaminli@hotmail.com         |8613000004528|female|Benjamin.li     |Xīběi             |
|89 |2021-08-13 18:28:05|aldenliu7847@qq.com            |8613000005431|male  |Alden.liu       |Dōngběi           |
|90 |2022-04-08 03:25:01|zenaidali@gmail.com            |8613000005636|female|Zenaida.li      |Dōngběi           |
|91 |2022-03-01 03:42:36|hyacinthgu9914@gmail.com       |8613000004767|male  |Hyacinth.gu     |Xīnán             |
|92 |2022-07-14 01:27:12|alexandrazhang6601@qq.com      |8613000004121|female|Alexandra.zhang |Zhōngnán          |
|93 |2022-06-11 04:22:09|yuliwu@qq.com                  |8613000001412|female|Yuli.wu         |Xīnán             |
|94 |2022-02-27 18:44:45|amosgao2393@baidu.com          |8613000006265|female|Amos.gao        |Dōngběi           |
|95 |2021-12-27 08:14:53|hyattlai@baidu.com             |8613000009525|male  |Hyatt.lai       |Huádōng           |
|96 |2021-07-27 11:06:44|brunogu@baidu.com              |8613000007064|female|Bruno.gu        |Dōngběi           |
|97 |2021-08-27 18:09:04|emersonzhu4055@baidu.com       |8613000005341|male  |Emerson.zhu     |Dōngběi           |
|98 |2021-08-21 17:51:49|elijahli@gmail.com             |8613000001155|male  |Elijah.li       |Xīběi             |
|99 |2022-07-25 00:59:33|trevorli@hotmail.com           |8613000001774|male  |Trevor.li       |Xīnán             |
|100|2022-10-17 23:27:33|stoneli589@qq.com              |8613000006186|male  |Stone.li        |Huádōng           |
|101|2022-09-02 17:23:27|brendanlai@baidu.com           |8613000003067|male  |Brendan.lai     |Huádōng           |
|102|2022-04-19 15:14:59|karlygao9559@baidu.com         |8613000009375|female|Karly.gao       |Dōngběi           |
|103|2022-06-25 08:54:46|wallacelei1084@baidu.com       |8613000006582|male  |Wallace.lei     |Xīnán             |
|104|2022-08-12 03:29:37|isaiahxu@gmail.com             |8613000004673|female|Isaiah.xu       |Zhōngnán          |
|105|2022-02-13 16:18:12|sethxu8602@hotmail.com         |8613000004828|male  |Seth.xu         |Xīnán             |
|106|2023-05-12 01:46:22|malcolmwu6301@gmail.com        |8613000007816|male  |Malcolm.wu      |Huáběi            |
|107|2021-11-20 02:22:26|paulli5593@qq.com              |8613000007162|male  |Paul.li         |Xīběi             |
|108|2022-06-26 21:37:40|tatyanawu271@hotmail.com       |8613000007357|male  |Tatyana.wu      |Zhōngnán          |
|109|2023-02-16 21:33:07|ciaranzhu@baidu.com            |8613000007687|female|Ciaran.zhu      |Zhōngnán          |
|110|2023-03-26 03:39:37|leegao1045@gmail.com           |8613000008002|male  |Lee.gao         |Xīběi             |
|111|2023-05-21 16:47:19|tashyagao@qq.com               |8613000003421|female|Tashya.gao      |Dōngběi           |
|112|2021-09-28 06:03:24|laviniaxu5766@qq.com           |8613000004694|female|Lavinia.xu      |Xīběi             |
|113|2021-09-20 09:01:26|illanalei@hotmail.com          |8613000005568|female|Illana.lei      |Huádōng           |
|114|2022-03-13 00:37:34|mosesli@baidu.com              |8613000007447|female|Moses.li        |Huádōng           |
|115|2021-12-09 12:55:33|louisgu7827@qq.com             |8613000002231|male  |Louis.gu        |Xīběi             |
|116|2022-05-01 16:20:52|bakerlai258@qq.com             |8613000008191|female|Baker.lai       |Dōngběi           |
|117|2022-08-16 15:40:22|samanthawu@hotmail.com         |8613000006153|female|Samantha.wu     |Dōngběi           |
|118|2023-03-31 05:33:13|merrittzhang@hotmail.com       |8613000002222|female|Merritt.zhang   |Xīnán             |
|119|2021-07-21 20:36:42|yoshioxu6064@qq.com            |8613000001521|female|Yoshio.xu       |Huádōng           |
|120|2023-01-06 03:24:38|wesleylai@gmail.com            |8613000007518|female|Wesley.lai      |Huáběi            |
|121|2023-06-10 13:01:04|chasezhu2408@qq.com            |8613000003642|female|Chase.zhu       |Huáběi            |
|122|2023-01-06 20:02:49|emersonlai8200@hotmail.com     |8613000001626|female|Emerson.lai     |Dōngběi           |
|123|2021-09-28 13:06:21|jacksonlei354@baidu.com        |8613000001377|female|Jackson.lei     |Zhōngnán          |
|124|2023-06-27 12:58:40|cameranzhang@gmail.com         |8613000002674|male  |Cameran.zhang   |Huádōng           |
|125|2021-09-20 08:25:36|ezekielli@hotmail.com          |8613000003534|female|Ezekiel.li      |Dōngběi           |
|126|2022-10-29 17:36:12|indiragu3274@gmail.com         |8613000003686|female|Indira.gu       |Zhōngnán          |
|127|2023-03-02 06:25:47|rigellai8723@hotmail.com       |8613000005724|female|Rigel.lai       |Huáběi            |
|128|2021-10-09 08:03:54|armandogao@qq.com              |8613000003985|female|Armando.gao     |Xīběi             |
|129|2022-06-02 07:18:45|ruthwu1241@qq.com              |8613000003766|male  |Ruth.wu         |Huáběi            |
|130|2022-03-13 21:20:38|anastasiali@hotmail.com        |8613000007534|male  |Anastasia.li    |Zhōngnán          |
|131|2023-06-19 23:54:29|erasmuszhu@qq.com              |8613000006508|female|Erasmus.zhu     |Huádōng           |
|132|2022-04-26 20:16:12|lucianzhang@gmail.com          |8613000009993|male  |Lucian.zhang    |Huáběi            |
|133|2022-07-21 09:06:50|sawyerzhang@qq.com             |8613000005716|female|Sawyer.zhang    |Huádōng           |
|134|2022-05-27 12:43:21|toddlei@baidu.com              |8613000002393|female|Todd.lei        |Huádōng           |
|135|2022-08-28 15:57:44|irmalai@qq.com                 |8613000005841|female|Irma.lai        |Xīběi             |
|136|2021-08-17 10:27:41|adenagu@gmail.com              |8613000004564|female|Adena.gu        |Xīběi             |
|137|2022-01-11 18:05:44|jacobliu9347@baidu.com         |8613000009487|male  |Jacob.liu       |Zhōngnán          |
|138|2023-02-22 19:48:03|cobyzhu6677@hotmail.com        |8613000008987|male  |Coby.zhu        |Dōngběi           |
|139|2023-06-25 18:43:51|ivanwu@gmail.com               |8613000006466|female|Ivan.wu         |Zhōngnán          |
|140|2022-06-02 04:43:34|germanezhang4805@qq.com        |8613000002285|male  |Germane.zhang   |Huádōng           |
|141|2022-10-24 08:12:26|yoshiogu@gmail.com             |8613000008563|male  |Yoshio.gu       |Huádōng           |
|142|2023-06-13 19:32:40|silasgu7108@gmail.com          |8613000005657|female|Silas.gu        |Huádōng           |
|143|2023-02-14 03:17:56|kellylei@qq.com                |8613000002231|female|Kelly.lei       |Huáběi            |
|144|2021-09-16 15:45:17|arthurxu6738@hotmail.com       |8613000008242|male  |Arthur.xu       |Huáběi            |
|145|2022-04-15 14:12:45|ireneliu@gmail.com             |8613000007587|female|Irene.liu       |Xīběi             |
|146|2023-01-29 21:30:03|roselai1417@baidu.com          |8613000003236|male  |Rose.lai        |Dōngběi           |
|147|2022-09-25 15:32:48|kasperxu@qq.com                |8613000006976|female|Kasper.xu       |Dōngběi           |
|148|2022-04-24 00:34:52|charlottewu4117@baidu.com      |8613000001267|female|Charlotte.wu    |Huádōng           |
|149|2021-07-27 17:45:55|rashadzhang1396@qq.com         |8613000009102|male  |Rashad.zhang    |Huádōng           |
|150|2021-11-10 03:53:18|whileminaliu@hotmail.com       |8613000005134|male  |Whilemina.liu   |Zhōngnán          |
|151|2022-11-26 15:43:23|valentinexu@qq.com             |8613000006956|male  |Valentine.xu    |Huáběi            |
|152|2022-07-03 22:27:21|victorlei@baidu.com            |8613000004854|male  |Victor.lei      |Huáběi            |
|153|2021-07-28 12:50:53|travisgu3789@baidu.com         |8613000008852|female|Travis.gu       |Dōngběi           |
|154|2022-05-22 06:21:14|danazhang2639@gmail.com        |8613000003643|female|Dana.zhang      |Dōngběi           |
|155|2023-07-08 23:38:28|steelli@qq.com                 |8613000003743|female|Steel.li        |Zhōngnán          |
|156|2022-01-06 17:17:45|sierralei@qq.com               |8613000007662|female|Sierra.lei      |Dōngběi           |
|157|2022-03-11 03:38:22|desireelai@gmail.com           |8613000006261|male  |Desiree.lai     |Huáběi            |
|158|2022-07-15 14:07:44|heddalei@gmail.com             |8613000001248|male  |Hedda.lei       |Zhōngnán          |
|159|2022-01-19 14:15:08|kristenliu98@gmail.com         |8613000005942|female|Kristen.liu     |Xīnán             |
|160|2023-03-29 19:09:18|harrietzhu477@baidu.com        |8613000002313|female|Harriet.zhu     |Xīběi             |
|161|2022-08-11 00:45:11|louiszhang@hotmail.com         |8613000004764|female|Louis.zhang     |Zhōngnán          |
|162|2022-10-25 19:44:58|emilyli2836@qq.com             |8613000005993|male  |Emily.li        |Xīběi             |
|163|2022-05-15 21:10:04|jillianzhu@gmail.com           |8613000001579|male  |Jillian.zhu     |Huáběi            |
|164|2022-07-23 13:33:05|yaelgu@qq.com                  |8613000002341|male  |Yael.gu         |Huáběi            |
+---+-------------------+-------------------------------+-------------+------+----------------+------------------+
